{"cameraMode":{"drawMode":0,"name":"Shaded","section":"Shading Mode"},"sceneLighting":true,"audioPlay":false,"sceneViewState":{"m_AlwaysRefresh":false,"showFog":true,"showSkybox":true,"showFlares":true,"showImageEffects":true,"showParticleSystems":true,"showVisualEffectGraphs":true,"m_FxEnabled":true},"in2DMode":false,"pivot":{"x":-0.13372227549552918,"y":-7.177112579345703,"z":3.8085479736328127},"rotation":{"x":0.3601219952106476,"y":-0.0013992743333801628,"z":0.0005400137742981315,"w":0.9329076409339905},"size":12.17306900024414,"orthographic":false}