{"cameraMode":{"drawMode":0,"name":"Shaded","section":"Shading Mode"},"sceneLighting":true,"audioPlay":false,"sceneViewState":{"m_AlwaysRefresh":false,"showFog":true,"showSkybox":true,"showFlares":true,"showImageEffects":true,"showParticleSystems":true,"showVisualEffectGraphs":true,"m_FxEnabled":true},"in2DMode":false,"pivot":{"x":-0.009824596345424652,"y":-3.464954376220703,"z":-0.2664327621459961},"rotation":{"x":0.4692084789276123,"y":0.00397404795512557,"z":-0.002111563691869378,"w":0.8830806612968445},"size":7.5162506103515629,"orthographic":false}