{"cameraMode":{"drawMode":0,"name":"Shaded","section":"Shading Mode"},"sceneLighting":true,"audioPlay":false,"sceneViewState":{"m_AlwaysRefresh":false,"showFog":true,"showSkybox":true,"showFlares":true,"showImageEffects":true,"showParticleSystems":true,"showVisualEffectGraphs":true,"m_FxEnabled":true},"in2DMode":false,"pivot":{"x":-0.35759422183036806,"y":0.622830867767334,"z":6.63227653503418},"rotation":{"x":-0.24498087167739869,"y":0.0017413196619600058,"z":-0.0004400632169563323,"w":-0.9695272445678711},"size":20.090364456176759,"orthographic":false}