{"cameraMode":{"drawMode":0,"name":"Shaded","section":"Shading Mode"},"sceneLighting":false,"audioPlay":false,"sceneViewState":{"m_AlwaysRefresh":false,"showFog":true,"showSkybox":false,"showFlares":true,"showImageEffects":true,"showParticleSystems":true,"showVisualEffectGraphs":true,"m_FxEnabled":true},"in2DMode":false,"pivot":{"x":-2.5274527072906496,"y":-0.4622734785079956,"z":9.450519561767579},"rotation":{"x":-0.15594889223575593,"y":0.14905261993408204,"z":-0.023781627416610719,"w":-0.9761857986450195},"size":6.282856464385986,"orthographic":false}