{"cameraMode":{"drawMode":0,"name":"Shaded","section":"Shading Mode"},"sceneLighting":false,"audioPlay":false,"sceneViewState":{"m_AlwaysRefresh":false,"showFog":true,"showSkybox":false,"showFlares":true,"showImageEffects":true,"showParticleSystems":true,"showVisualEffectGraphs":true,"m_FxEnabled":true},"in2DMode":false,"pivot":{"x":0.930188775062561,"y":-0.9761029481887817,"z":0.7844492197036743},"rotation":{"x":0.4764961302280426,"y":0.10242092609405518,"z":-0.05600684881210327,"w":0.8713973164558411},"size":2.9024758338928224,"orthographic":false}