{"cameraMode":{"drawMode":0,"name":"Shaded","section":"Shading Mode"},"sceneLighting":false,"audioPlay":false,"sceneViewState":{"m_AlwaysRefresh":false,"showFog":true,"showSkybox":false,"showFlares":true,"showImageEffects":true,"showParticleSystems":true,"showVisualEffectGraphs":true,"m_FxEnabled":true},"in2DMode":false,"pivot":{"x":0.5744114518165588,"y":0.02245914936065674,"z":3.5762786865234377e-7},"rotation":{"x":0.2949454188346863,"y":-0.0014331695856526495,"z":0.00044255799730308354,"w":0.9555176496505737},"size":2.7955434322357179,"orthographic":false}