{"cameraMode":{"drawMode":0,"name":"Shaded","section":"Shading Mode"},"sceneLighting":false,"audioPlay":false,"sceneViewState":{"m_AlwaysRefresh":false,"showFog":true,"showSkybox":false,"showFlares":true,"showImageEffects":true,"showParticleSystems":true,"showVisualEffectGraphs":true,"m_FxEnabled":true},"in2DMode":false,"pivot":{"x":0.39470672607421877,"y":1.259587049484253,"z":0.1796034574508667},"rotation":{"x":-0.11196933686733246,"y":0.24567005038261414,"z":-0.028557129204273225,"w":-0.962459921836853},"size":5.402116775512695,"orthographic":false}